<?xml version="1.0" encoding="UTF-8"?><?xml-stylesheet type='text/xsl' href='_UpgradeReport_Files/UpgradeReport.xslt'?><UpgradeLog>
<Properties><Property Name="Solution" Value="zpg_start">
</Property><Property Name="Solution File" Value="C:\Documents and Settings\tomas\Plocha\shading\zpg_start.sln">
</Property><Property Name="Date" Value="23. října 2007">
</Property><Property Name="Time" Value="20:10">
</Property></Properties><Event ErrorLevel="1" Project="C:\Documents and Settings\tomas\Plocha\shading\zpg_start.csproj" Source="zpg_start.csproj" Description="MSB2016: Found an empty .RESX file in the project (renderform.resx).  Removing it from the converted project.">
</Event><Event ErrorLevel="0" Project="zpg_start" Source="zpg_start.csproj" Description="Project converted successfully">
</Event><Event ErrorLevel="3" Project="zpg_start" Source="zpg_start.csproj" Description="Converted">
</Event><Event ErrorLevel="0" Project="" Source="zpg_start.sln" Description="Solution converted successfully">
</Event><Event ErrorLevel="3" Project="" Source="zpg_start.sln" Description="Converted">
</Event><Event ErrorLevel="0" Project="zpg_start" Source="zpg_start.csproj" Description="Scan complete: Upgrade not required for project files.">
</Event></UpgradeLog>